GHO (CODE),GHO (DISPLAY),GHO (URL),YEAR (DISPLAY),STARTYEAR,ENDYEAR,REGION (CODE),REGION (DISPLAY),COUNTRY (CODE),COUNTRY (DISPLAY),DIMENSION (TYPE),DIMENSION (CODE),DIMENSION (NAME),Numeric,Value,Low,High
#indicator+code,#indicator+name,#indicator+url,#date+year,#date+year+start,#date+year+end,#region+code,#region+name,#country+code,#country+name,#dimension+type,#dimension+code,#dimension+name,#indicator+value+num,#indicator+value,#indicator+value+low,#indicator+value+high
MALARIA_EST_INCIDENCE,Estimated malaria incidence (per 1000 population at risk),https://www.who.int/data/gho/data/indicators/indicator-details/GHO/malaria-incidence-%28per-1-000-population-at-risk%29,2020,2020,2020,AFR,Africa,RWA,Rwanda,,,,213.11647,213.12 [165.98-262.15],165.97738,262.14681
MALARIA_EST_INCIDENCE,Estimated malaria incidence (per 1000 population at risk),https://www.who.int/data/gho/data/indicators/indicator-details/GHO/malaria-incidence-%28per-1-000-population-at-risk%29,2009,2009,2009,AFR,Africa,RWA,Rwanda,,,,153.73695,153.74 [100.52-216.67],100.51853,216.66772
MALARIA_EST_MORTALITY,Estimated malaria mortality rate (per 100 000 population),https://www.who.int/data/gho/data/indicators/indicator-details/GHO/estimated-malaria-mortality-rate-per-100-000-population,2000,2000,2000,AFR,Africa,RWA,Rwanda,,,,75.20152,75.20 [71.98-78.62],71.97529,78.62254
MALARIA_INDIG,Number of indigenous malaria cases,https://www.who.int/data/gho/data/indicators/indicator-details/GHO/number-of-indigenous-malaria-cases,2017,2017,2017,AFR,Africa,RWA,Rwanda,,,,5940533.0,5 940 533,,
MALARIA_MICR_POS,Number of malaria positive cases by microscopy,https://www.who.int/data/gho/data/indicators/indicator-details/GHO/number-of-malaria-positive-cases-by-microscopy,2023,2023,2023,AFR,Africa,RWA,Rwanda,,,,126393.0,126 393,,
MALARIA_INDIG,Number of indigenous malaria cases,https://www.who.int/data/gho/data/indicators/indicator-details/GHO/number-of-indigenous-malaria-cases,2021,2021,2021,AFR,Africa,RWA,Rwanda,,,,1163670.0,1 163 670,,
MALARIA_PF_INDIG,Number of indigenous P. falciparum malaria cases,https://www.who.int/data/gho/data/indicators/indicator-details/GHO/number-of-indigenous-p.-falciparum-malaria-cases,2023,2023,2023,AFR,Africa,RWA,Rwanda,,,,549326.0,549 326,,
MALARIA_SUSPECTS,Number of suspected malaria cases,https://www.who.int/data/gho/data/indicators/indicator-details/GHO/number-of-suspected-malaria-cases,2018,2018,2018,AFR,Africa,RWA,Rwanda,,,,9666424.0,9 666 424,,
MALARIA_INDIG,Number of indigenous malaria cases,https://www.who.int/data/gho/data/indicators/indicator-details/GHO/number-of-indigenous-malaria-cases,2015,2015,2015,AFR,Africa,RWA,Rwanda,,,,2505794.0,2 505 794,,
MALARIA_EST_MORTALITY,Estimated malaria mortality rate (per 100 000 population),https://www.who.int/data/gho/data/indicators/indicator-details/GHO/estimated-malaria-mortality-rate-per-100-000-population,2020,2020,2020,AFR,Africa,RWA,Rwanda,,,,24.3842,24.38 [22.95-26.85],22.9528,26.84864
MALARIA_EST_MORTALITY,Estimated malaria mortality rate (per 100 000 population),https://www.who.int/data/gho/data/indicators/indicator-details/GHO/estimated-malaria-mortality-rate-per-100-000-population,2023,2023,2023,AFR,Africa,RWA,Rwanda,,,,23.99948,24.00 [22.42-27.07],22.41575,27.07376
MALARIA_PRES_CASES,Number of presumed malaria cases,https://www.who.int/data/gho/data/indicators/indicator-details/GHO/number-of-presumed-malaria-cases,2023,2023,2023,AFR,Africa,RWA,Rwanda,,,,0.0,0,,
MALARIA_RDT_POS,Number of malaria positive cases by rapid diagnostic test (RDT),https://www.who.int/data/gho/data/indicators/indicator-details/GHO/number-of-malaria-positive-cases-by-rapid-diagnostic-test-rdt,2020,2020,2020,AFR,Africa,RWA,Rwanda,,,,1549912.0,1 549 912,,
MALARIA_CONF_CASES,Number of confirmed malaria cases,https://www.who.int/data/gho/data/indicators/indicator-details/GHO/number-confirmed-malaria-cases,2016,2016,2016,AFR,Africa,RWA,Rwanda,,,,3380568.0,3 380 568,,
MALARIA_EST_MORTALITY,Estimated malaria mortality rate (per 100 000 population),https://www.who.int/data/gho/data/indicators/indicator-details/GHO/estimated-malaria-mortality-rate-per-100-000-population,2012,2012,2012,AFR,Africa,RWA,Rwanda,,,,27.28557,27.29 [26.42-28.26],26.4176,28.26457
MALARIA_EST_INCIDENCE,Estimated malaria incidence (per 1000 population at risk),https://www.who.int/data/gho/data/indicators/indicator-details/GHO/malaria-incidence-%28per-1-000-population-at-risk%29,2007,2007,2007,AFR,Africa,RWA,Rwanda,,,,88.01727,88.02 [52.88-130.74],52.88472,130.73826
MALARIA_MICR_TEST,Number of malaria suspects examined by microscopy,https://www.who.int/data/gho/data/indicators/indicator-details/GHO/number-of-malaria-suspects-examined-by-microscopy,2019,2019,2019,AFR,Africa,RWA,Rwanda,,,,4576495.0,4 576 495,,
MALARIA_TOTAL_CASES,Total number of  malaria cases (presumed + confirmed cases),https://www.who.int/data/gho/data/indicators/indicator-details/GHO/total-number-of-malaria-cases-presumed-confirmed-cases,2019,2019,2019,AFR,Africa,RWA,Rwanda,,,,3612822.0,3 612 822,,
MALARIA_CONF_CASES,Number of confirmed malaria cases,https://www.who.int/data/gho/data/indicators/indicator-details/GHO/number-confirmed-malaria-cases,2020,2020,2020,AFR,Africa,RWA,Rwanda,,,,2043392.0,2 043 392,,
MALARIA_SUSPECTS,Number of suspected malaria cases,https://www.who.int/data/gho/data/indicators/indicator-details/GHO/number-of-suspected-malaria-cases,2016,2016,2016,AFR,Africa,RWA,Rwanda,,,,7502174.0,7 502 174,,
MALARIA_TOTAL_CASES,Total number of  malaria cases (presumed + confirmed cases),https://www.who.int/data/gho/data/indicators/indicator-details/GHO/total-number-of-malaria-cases-presumed-confirmed-cases,2020,2020,2020,AFR,Africa,RWA,Rwanda,,,,2043392.0,2 043 392,,
MALARIA_RDT_POS,Number of malaria positive cases by rapid diagnostic test (RDT),https://www.who.int/data/gho/data/indicators/indicator-details/GHO/number-of-malaria-positive-cases-by-rapid-diagnostic-test-rdt,2022,2022,2022,AFR,Africa,RWA,Rwanda,,,,652075.0,652 075,,
MALARIA_PRES_CASES,Number of presumed malaria cases,https://www.who.int/data/gho/data/indicators/indicator-details/GHO/number-of-presumed-malaria-cases,2018,2018,2018,AFR,Africa,RWA,Rwanda,,,,0.0,0,,
MALARIA_CONF_CASES,Number of confirmed malaria cases,https://www.who.int/data/gho/data/indicators/indicator-details/GHO/number-confirmed-malaria-cases,2018,2018,2018,AFR,Africa,RWA,Rwanda,,,,4231883.0,4 231 883,,
MALARIA_EST_INCIDENCE,Estimated malaria incidence (per 1000 population at risk),https://www.who.int/data/gho/data/indicators/indicator-details/GHO/malaria-incidence-%28per-1-000-population-at-risk%29,2016,2016,2016,AFR,Africa,RWA,Rwanda,,,,410.08146,410.08 [302.79-523.45],302.79369,523.45376
MALARIA_EST_INCIDENCE,Estimated malaria incidence (per 1000 population at risk),https://www.who.int/data/gho/data/indicators/indicator-details/GHO/malaria-incidence-%28per-1-000-population-at-risk%29,2021,2021,2021,AFR,Africa,RWA,Rwanda,,,,118.73531,118.74 [92.52-146.49],92.52059,146.49453
MALARIA_EST_MORTALITY,Estimated malaria mortality rate (per 100 000 population),https://www.who.int/data/gho/data/indicators/indicator-details/GHO/estimated-malaria-mortality-rate-per-100-000-population,2018,2018,2018,AFR,Africa,RWA,Rwanda,,,,25.16817,25.17 [23.87-27.06],23.87092,27.05798
MALARIA_MICR_TEST,Number of malaria suspects examined by microscopy,https://www.who.int/data/gho/data/indicators/indicator-details/GHO/number-of-malaria-suspects-examined-by-microscopy,2018,2018,2018,AFR,Africa,RWA,Rwanda,,,,5501455.0,5 501 455,,
MALARIA_PF_INDIG,Number of indigenous P. falciparum malaria cases,https://www.who.int/data/gho/data/indicators/indicator-details/GHO/number-of-indigenous-p.-falciparum-malaria-cases,2019,2019,2019,AFR,Africa,RWA,Rwanda,,,,3612822.0,3 612 822,,
MALARIA_RDT_POS,Number of malaria positive cases by rapid diagnostic test (RDT),https://www.who.int/data/gho/data/indicators/indicator-details/GHO/number-of-malaria-positive-cases-by-rapid-diagnostic-test-rdt,2016,2016,2016,AFR,Africa,RWA,Rwanda,,,,463666.0,463 666,,
MALARIA_PRES_CASES,Number of presumed malaria cases,https://www.who.int/data/gho/data/indicators/indicator-details/GHO/number-of-presumed-malaria-cases,2019,2019,2019,AFR,Africa,RWA,Rwanda,,,,0.0,0,,
MALARIA_PRES_CASES,Number of presumed malaria cases,https://www.who.int/data/gho/data/indicators/indicator-details/GHO/number-of-presumed-malaria-cases,2017,2017,2017,AFR,Africa,RWA,Rwanda,,,,0.0,0,,
MALARIA_EST_INCIDENCE,Estimated malaria incidence (per 1000 population at risk),https://www.who.int/data/gho/data/indicators/indicator-details/GHO/malaria-incidence-%28per-1-000-population-at-risk%29,2001,2001,2001,AFR,Africa,RWA,Rwanda,,,,172.94229,172.94 [75.92-345.60],75.92033,345.59509
MALARIA_RDT_POS,Number of malaria positive cases by rapid diagnostic test (RDT),https://www.who.int/data/gho/data/indicators/indicator-details/GHO/number-of-malaria-positive-cases-by-rapid-diagnostic-test-rdt,2015,2015,2015,AFR,Africa,RWA,Rwanda,,,,151394.0,151 394,,
MALARIA_PF_INDIG,Number of indigenous P. falciparum malaria cases,https://www.who.int/data/gho/data/indicators/indicator-details/GHO/number-of-indigenous-p.-falciparum-malaria-cases,2016,2016,2016,AFR,Africa,RWA,Rwanda,,,,3380568.0,3 380 568,,
MALARIA_EST_INCIDENCE,Estimated malaria incidence (per 1000 population at risk),https://www.who.int/data/gho/data/indicators/indicator-details/GHO/malaria-incidence-%28per-1-000-population-at-risk%29,2018,2018,2018,AFR,Africa,RWA,Rwanda,,,,477.56734,477.57 [361.88-598.97],361.88351,598.9687
MALARIA_INDIG,Number of indigenous malaria cases,https://www.who.int/data/gho/data/indicators/indicator-details/GHO/number-of-indigenous-malaria-cases,2020,2020,2020,AFR,Africa,RWA,Rwanda,,,,2043392.0,2 043 392,,
MALARIA_PF_INDIG,Number of indigenous P. falciparum malaria cases,https://www.who.int/data/gho/data/indicators/indicator-details/GHO/number-of-indigenous-p.-falciparum-malaria-cases,2021,2021,2021,AFR,Africa,RWA,Rwanda,,,,1163670.0,1 163 670,,
MALARIA_PF_INDIG,Number of indigenous P. falciparum malaria cases,https://www.who.int/data/gho/data/indicators/indicator-details/GHO/number-of-indigenous-p.-falciparum-malaria-cases,2018,2018,2018,AFR,Africa,RWA,Rwanda,,,,4231883.0,4 231 883,,
MALARIA_EST_MORTALITY,Estimated malaria mortality rate (per 100 000 population),https://www.who.int/data/gho/data/indicators/indicator-details/GHO/estimated-malaria-mortality-rate-per-100-000-population,2010,2010,2010,AFR,Africa,RWA,Rwanda,,,,29.09605,29.10 [28.25-30.00],28.25282,29.99742
MALARIA_EST_INCIDENCE,Estimated malaria incidence (per 1000 population at risk),https://www.who.int/data/gho/data/indicators/indicator-details/GHO/malaria-incidence-%28per-1-000-population-at-risk%29,2006,2006,2006,AFR,Africa,RWA,Rwanda,,,,150.05356,150.05 [35.92-237.98],35.9159,237.97698
MALARIA_EST_INCIDENCE,Estimated malaria incidence (per 1000 population at risk),https://www.who.int/data/gho/data/indicators/indicator-details/GHO/malaria-incidence-%28per-1-000-population-at-risk%29,2002,2002,2002,AFR,Africa,RWA,Rwanda,,,,158.19351,158.19 [70.86-311.78],70.86348,311.7831
MALARIA_MICR_POS,Number of malaria positive cases by microscopy,https://www.who.int/data/gho/data/indicators/indicator-details/GHO/number-of-malaria-positive-cases-by-microscopy,2018,2018,2018,AFR,Africa,RWA,Rwanda,,,,1657793.0,1 657 793,,
MALARIA_MICR_TEST,Number of malaria suspects examined by microscopy,https://www.who.int/data/gho/data/indicators/indicator-details/GHO/number-of-malaria-suspects-examined-by-microscopy,2021,2021,2021,AFR,Africa,RWA,Rwanda,,,,3175568.0,3 175 568,,
MALARIA_EST_MORTALITY,Estimated malaria mortality rate (per 100 000 population),https://www.who.int/data/gho/data/indicators/indicator-details/GHO/estimated-malaria-mortality-rate-per-100-000-population,2017,2017,2017,AFR,Africa,RWA,Rwanda,,,,25.46291,25.46 [24.28-27.06],24.28279,27.061
MALARIA_MICR_POS,Number of malaria positive cases by microscopy,https://www.who.int/data/gho/data/indicators/indicator-details/GHO/number-of-malaria-positive-cases-by-microscopy,2020,2020,2020,AFR,Africa,RWA,Rwanda,,,,493480.0,493 480,,
MALARIA_EST_INCIDENCE,Estimated malaria incidence (per 1000 population at risk),https://www.who.int/data/gho/data/indicators/indicator-details/GHO/malaria-incidence-%28per-1-000-population-at-risk%29,2008,2008,2008,AFR,Africa,RWA,Rwanda,,,,69.73096,69.73 [42.72-102.43],42.71558,102.43472
MALARIA_MICR_TEST,Number of malaria suspects examined by microscopy,https://www.who.int/data/gho/data/indicators/indicator-details/GHO/number-of-malaria-suspects-examined-by-microscopy,2015,2015,2015,AFR,Africa,RWA,Rwanda,,,,5811267.0,5 811 267,,
MALARIA_RDT_POS,Number of malaria positive cases by rapid diagnostic test (RDT),https://www.who.int/data/gho/data/indicators/indicator-details/GHO/number-of-malaria-positive-cases-by-rapid-diagnostic-test-rdt,2023,2023,2023,AFR,Africa,RWA,Rwanda,,,,422933.0,422 933,,
MALARIA_INDIG,Number of indigenous malaria cases,https://www.who.int/data/gho/data/indicators/indicator-details/GHO/number-of-indigenous-malaria-cases,2018,2018,2018,AFR,Africa,RWA,Rwanda,,,,4231883.0,4 231 883,,
MALARIA_MICR_TEST,Number of malaria suspects examined by microscopy,https://www.who.int/data/gho/data/indicators/indicator-details/GHO/number-of-malaria-suspects-examined-by-microscopy,2016,2016,2016,AFR,Africa,RWA,Rwanda,,,,6603261.0,6 603 261,,
MALARIA_INDIG,Number of indigenous malaria cases,https://www.who.int/data/gho/data/indicators/indicator-details/GHO/number-of-indigenous-malaria-cases,2016,2016,2016,AFR,Africa,RWA,Rwanda,,,,3380568.0,3 380 568,,
MALARIA_TOTAL_CASES,Total number of  malaria cases (presumed + confirmed cases),https://www.who.int/data/gho/data/indicators/indicator-details/GHO/total-number-of-malaria-cases-presumed-confirmed-cases,2015,2015,2015,AFR,Africa,RWA,Rwanda,,,,2505794.0,2 505 794,,
MALARIA_MICR_POS,Number of malaria positive cases by microscopy,https://www.who.int/data/gho/data/indicators/indicator-details/GHO/number-of-malaria-positive-cases-by-microscopy,2017,2017,2017,AFR,Africa,RWA,Rwanda,,,,2927780.0,2 927 780,,
MALARIA_TOTAL_CASES,Total number of  malaria cases (presumed + confirmed cases),https://www.who.int/data/gho/data/indicators/indicator-details/GHO/total-number-of-malaria-cases-presumed-confirmed-cases,2023,2023,2023,AFR,Africa,RWA,Rwanda,,,,549326.0,549 326,,
MALARIA_EST_MORTALITY,Estimated malaria mortality rate (per 100 000 population),https://www.who.int/data/gho/data/indicators/indicator-details/GHO/estimated-malaria-mortality-rate-per-100-000-population,2008,2008,2008,AFR,Africa,RWA,Rwanda,,,,30.67032,30.67 [29.81-31.58],29.81355,31.57808
MALARIA_PF_INDIG,Number of indigenous P. falciparum malaria cases,https://www.who.int/data/gho/data/indicators/indicator-details/GHO/number-of-indigenous-p.-falciparum-malaria-cases,2020,2020,2020,AFR,Africa,RWA,Rwanda,,,,2043392.0,2 043 392,,
MALARIA_EST_MORTALITY,Estimated malaria mortality rate (per 100 000 population),https://www.who.int/data/gho/data/indicators/indicator-details/GHO/estimated-malaria-mortality-rate-per-100-000-population,2019,2019,2019,AFR,Africa,RWA,Rwanda,,,,24.56931,24.57 [23.26-26.60],23.26218,26.60436
MALARIA_TOTAL_CASES,Total number of  malaria cases (presumed + confirmed cases),https://www.who.int/data/gho/data/indicators/indicator-details/GHO/total-number-of-malaria-cases-presumed-confirmed-cases,2021,2021,2021,AFR,Africa,RWA,Rwanda,,,,1163670.0,1 163 670,,
MALARIA_SUSPECTS,Number of suspected malaria cases,https://www.who.int/data/gho/data/indicators/indicator-details/GHO/number-of-suspected-malaria-cases,2021,2021,2021,AFR,Africa,RWA,Rwanda,,,,5576953.0,5 576 953,,
MALARIA_EST_INCIDENCE,Estimated malaria incidence (per 1000 population at risk),https://www.who.int/data/gho/data/indicators/indicator-details/GHO/malaria-incidence-%28per-1-000-population-at-risk%29,2014,2014,2014,AFR,Africa,RWA,Rwanda,,,,202.3027,202.30 [151.80-254.84],151.80489,254.84314
MALARIA_MICR_TEST,Number of malaria suspects examined by microscopy,https://www.who.int/data/gho/data/indicators/indicator-details/GHO/number-of-malaria-suspects-examined-by-microscopy,2017,2017,2017,AFR,Africa,RWA,Rwanda,,,,6637571.0,6 637 571,,
MALARIA_MICR_POS,Number of malaria positive cases by microscopy,https://www.who.int/data/gho/data/indicators/indicator-details/GHO/number-of-malaria-positive-cases-by-microscopy,2021,2021,2021,AFR,Africa,RWA,Rwanda,,,,259161.0,259 161,,
MALARIA_RDT_POS,Number of malaria positive cases by rapid diagnostic test (RDT),https://www.who.int/data/gho/data/indicators/indicator-details/GHO/number-of-malaria-positive-cases-by-rapid-diagnostic-test-rdt,2018,2018,2018,AFR,Africa,RWA,Rwanda,,,,2574090.0,2 574 090,,
MALARIA_EST_INCIDENCE,Estimated malaria incidence (per 1000 population at risk),https://www.who.int/data/gho/data/indicators/indicator-details/GHO/malaria-incidence-%28per-1-000-population-at-risk%29,2010,2010,2010,AFR,Africa,RWA,Rwanda,,,,104.65321,104.65 [72.57-137.81],72.56575,137.8082
MALARIA_EST_MORTALITY,Estimated malaria mortality rate (per 100 000 population),https://www.who.int/data/gho/data/indicators/indicator-details/GHO/estimated-malaria-mortality-rate-per-100-000-population,2003,2003,2003,AFR,Africa,RWA,Rwanda,,,,51.47391,51.47 [49.49-53.54],49.49414,53.53519
MALARIA_CONF_CASES,Number of confirmed malaria cases,https://www.who.int/data/gho/data/indicators/indicator-details/GHO/number-confirmed-malaria-cases,2017,2017,2017,AFR,Africa,RWA,Rwanda,,,,5940533.0,5 940 533,,
MALARIA_SUSPECTS,Number of suspected malaria cases,https://www.who.int/data/gho/data/indicators/indicator-details/GHO/number-of-suspected-malaria-cases,2017,2017,2017,AFR,Africa,RWA,Rwanda,,,,11186029.0,11 186 029,,
MALARIA_EST_MORTALITY,Estimated malaria mortality rate (per 100 000 population),https://www.who.int/data/gho/data/indicators/indicator-details/GHO/estimated-malaria-mortality-rate-per-100-000-population,2015,2015,2015,AFR,Africa,RWA,Rwanda,,,,25.73878,25.74 [24.82-26.80],24.81954,26.80407
MALARIA_SUSPECTS,Number of suspected malaria cases,https://www.who.int/data/gho/data/indicators/indicator-details/GHO/number-of-suspected-malaria-cases,2023,2023,2023,AFR,Africa,RWA,Rwanda,,,,4293184.0,4 293 184,,
MALARIA_MICR_TEST,Number of malaria suspects examined by microscopy,https://www.who.int/data/gho/data/indicators/indicator-details/GHO/number-of-malaria-suspects-examined-by-microscopy,2023,2023,2023,AFR,Africa,RWA,Rwanda,,,,2535594.0,2 535 594,,
MALARIA_TOTAL_CASES,Total number of  malaria cases (presumed + confirmed cases),https://www.who.int/data/gho/data/indicators/indicator-details/GHO/total-number-of-malaria-cases-presumed-confirmed-cases,2022,2022,2022,AFR,Africa,RWA,Rwanda,,,,857228.0,857 228,,
MALARIA_INDIG,Number of indigenous malaria cases,https://www.who.int/data/gho/data/indicators/indicator-details/GHO/number-of-indigenous-malaria-cases,2023,2023,2023,AFR,Africa,RWA,Rwanda,,,,549326.0,549 326,,
MALARIA_EST_INCIDENCE,Estimated malaria incidence (per 1000 population at risk),https://www.who.int/data/gho/data/indicators/indicator-details/GHO/malaria-incidence-%28per-1-000-population-at-risk%29,2022,2022,2022,AFR,Africa,RWA,Rwanda,,,,85.5723,85.57 [66.44-105.43],66.43858,105.42636
MALARIA_MICR_TEST,Number of malaria suspects examined by microscopy,https://www.who.int/data/gho/data/indicators/indicator-details/GHO/number-of-malaria-suspects-examined-by-microscopy,2020,2020,2020,AFR,Africa,RWA,Rwanda,,,,3181252.0,3 181 252,,
MALARIA_EST_MORTALITY,Estimated malaria mortality rate (per 100 000 population),https://www.who.int/data/gho/data/indicators/indicator-details/GHO/estimated-malaria-mortality-rate-per-100-000-population,2007,2007,2007,AFR,Africa,RWA,Rwanda,,,,32.00022,32.00 [31.09-32.99],31.08922,32.995
MALARIA_EST_INCIDENCE,Estimated malaria incidence (per 1000 population at risk),https://www.who.int/data/gho/data/indicators/indicator-details/GHO/malaria-incidence-%28per-1-000-population-at-risk%29,2005,2005,2005,AFR,Africa,RWA,Rwanda,,,,152.04492,152.04 [33.82-255.19],33.81899,255.1879
MALARIA_PRES_CASES,Number of presumed malaria cases,https://www.who.int/data/gho/data/indicators/indicator-details/GHO/number-of-presumed-malaria-cases,2021,2021,2021,AFR,Africa,RWA,Rwanda,,,,0.0,0,,
MALARIA_SUSPECTS,Number of suspected malaria cases,https://www.who.int/data/gho/data/indicators/indicator-details/GHO/number-of-suspected-malaria-cases,2020,2020,2020,AFR,Africa,RWA,Rwanda,,,,6879911.0,6 879 911,,
MALARIA_EST_MORTALITY,Estimated malaria mortality rate (per 100 000 population),https://www.who.int/data/gho/data/indicators/indicator-details/GHO/estimated-malaria-mortality-rate-per-100-000-population,2002,2002,2002,AFR,Africa,RWA,Rwanda,,,,64.10577,64.11 [61.31-67.03],61.30821,67.03428
MALARIA_EST_INCIDENCE,Estimated malaria incidence (per 1000 population at risk),https://www.who.int/data/gho/data/indicators/indicator-details/GHO/malaria-incidence-%28per-1-000-population-at-risk%29,2013,2013,2013,AFR,Africa,RWA,Rwanda,,,,109.49119,109.49 [91.34-128.80],91.34108,128.80261
MALARIA_MICR_POS,Number of malaria positive cases by microscopy,https://www.who.int/data/gho/data/indicators/indicator-details/GHO/number-of-malaria-positive-cases-by-microscopy,2016,2016,2016,AFR,Africa,RWA,Rwanda,,,,2916902.0,2 916 902,,
MALARIA_EST_INCIDENCE,Estimated malaria incidence (per 1000 population at risk),https://www.who.int/data/gho/data/indicators/indicator-details/GHO/malaria-incidence-%28per-1-000-population-at-risk%29,2015,2015,2015,AFR,Africa,RWA,Rwanda,,,,308.03748,308.04 [229.02-391.39],229.01839,391.39056
MALARIA_TOTAL_CASES,Total number of  malaria cases (presumed + confirmed cases),https://www.who.int/data/gho/data/indicators/indicator-details/GHO/total-number-of-malaria-cases-presumed-confirmed-cases,2016,2016,2016,AFR,Africa,RWA,Rwanda,,,,3380568.0,3 380 568,,
MALARIA_INDIG,Number of indigenous malaria cases,https://www.who.int/data/gho/data/indicators/indicator-details/GHO/number-of-indigenous-malaria-cases,2022,2022,2022,AFR,Africa,RWA,Rwanda,,,,857228.0,857 228,,
MALARIA_PRES_CASES,Number of presumed malaria cases,https://www.who.int/data/gho/data/indicators/indicator-details/GHO/number-of-presumed-malaria-cases,2015,2015,2015,AFR,Africa,RWA,Rwanda,,,,0.0,0,,
MALARIA_MICR_POS,Number of malaria positive cases by microscopy,https://www.who.int/data/gho/data/indicators/indicator-details/GHO/number-of-malaria-positive-cases-by-microscopy,2019,2019,2019,AFR,Africa,RWA,Rwanda,,,,1144762.0,1 144 762,,
MALARIA_EST_MORTALITY,Estimated malaria mortality rate (per 100 000 population),https://www.who.int/data/gho/data/indicators/indicator-details/GHO/estimated-malaria-mortality-rate-per-100-000-population,2006,2006,2006,AFR,Africa,RWA,Rwanda,,,,33.90597,33.91 [32.92-34.97],32.91665,34.97058
MALARIA_EST_INCIDENCE,Estimated malaria incidence (per 1000 population at risk),https://www.who.int/data/gho/data/indicators/indicator-details/GHO/malaria-incidence-%28per-1-000-population-at-risk%29,2012,2012,2012,AFR,Africa,RWA,Rwanda,,,,59.68531,59.69 [47.36-72.73],47.35596,72.72982
MALARIA_MICR_POS,Number of malaria positive cases by microscopy,https://www.who.int/data/gho/data/indicators/indicator-details/GHO/number-of-malaria-positive-cases-by-microscopy,2015,2015,2015,AFR,Africa,RWA,Rwanda,,,,2354400.0,2 354 400,,
MALARIA_EST_MORTALITY,Estimated malaria mortality rate (per 100 000 population),https://www.who.int/data/gho/data/indicators/indicator-details/GHO/estimated-malaria-mortality-rate-per-100-000-population,2001,2001,2001,AFR,Africa,RWA,Rwanda,,,,66.66993,66.67 [63.83-69.58],63.8342,69.57807
MALARIA_EST_MORTALITY,Estimated malaria mortality rate (per 100 000 population),https://www.who.int/data/gho/data/indicators/indicator-details/GHO/estimated-malaria-mortality-rate-per-100-000-population,2005,2005,2005,AFR,Africa,RWA,Rwanda,,,,37.22999,37.23 [36.04-38.48],36.03722,38.47799
MALARIA_EST_MORTALITY,Estimated malaria mortality rate (per 100 000 population),https://www.who.int/data/gho/data/indicators/indicator-details/GHO/estimated-malaria-mortality-rate-per-100-000-population,2021,2021,2021,AFR,Africa,RWA,Rwanda,,,,24.43232,24.43 [22.83-27.27],22.82996,27.27015
MALARIA_PRES_CASES,Number of presumed malaria cases,https://www.who.int/data/gho/data/indicators/indicator-details/GHO/number-of-presumed-malaria-cases,2022,2022,2022,AFR,Africa,RWA,Rwanda,,,,0.0,0,,
MALARIA_PF_INDIG,Number of indigenous P. falciparum malaria cases,https://www.who.int/data/gho/data/indicators/indicator-details/GHO/number-of-indigenous-p.-falciparum-malaria-cases,2017,2017,2017,AFR,Africa,RWA,Rwanda,,,,5940533.0,5 940 533,,
MALARIA_SUSPECTS,Number of suspected malaria cases,https://www.who.int/data/gho/data/indicators/indicator-details/GHO/number-of-suspected-malaria-cases,2019,2019,2019,AFR,Africa,RWA,Rwanda,,,,8829176.0,8 829 176,,
MALARIA_MICR_POS,Number of malaria positive cases by microscopy,https://www.who.int/data/gho/data/indicators/indicator-details/GHO/number-of-malaria-positive-cases-by-microscopy,2022,2022,2022,AFR,Africa,RWA,Rwanda,,,,205153.0,205 153,,
MALARIA_CONF_CASES,Number of confirmed malaria cases,https://www.who.int/data/gho/data/indicators/indicator-details/GHO/number-confirmed-malaria-cases,2023,2023,2023,AFR,Africa,RWA,Rwanda,,,,549326.0,549 326,,
MALARIA_CONF_CASES,Number of confirmed malaria cases,https://www.who.int/data/gho/data/indicators/indicator-details/GHO/number-confirmed-malaria-cases,2019,2019,2019,AFR,Africa,RWA,Rwanda,,,,3612822.0,3 612 822,,
MALARIA_EST_INCIDENCE,Estimated malaria incidence (per 1000 population at risk),https://www.who.int/data/gho/data/indicators/indicator-details/GHO/malaria-incidence-%28per-1-000-population-at-risk%29,2004,2004,2004,AFR,Africa,RWA,Rwanda,,,,122.47899,122.48 [43.48-206.10],43.48398,206.09997
MALARIA_EST_INCIDENCE,Estimated malaria incidence (per 1000 population at risk),https://www.who.int/data/gho/data/indicators/indicator-details/GHO/malaria-incidence-%28per-1-000-population-at-risk%29,2011,2011,2011,AFR,Africa,RWA,Rwanda,,,,36.94164,36.94 [27.57-46.81],27.5702,46.80926
MALARIA_EST_MORTALITY,Estimated malaria mortality rate (per 100 000 population),https://www.who.int/data/gho/data/indicators/indicator-details/GHO/estimated-malaria-mortality-rate-per-100-000-population,2014,2014,2014,AFR,Africa,RWA,Rwanda,,,,26.03663,26.04 [25.18-27.05],25.18312,27.04853
MALARIA_PRES_CASES,Number of presumed malaria cases,https://www.who.int/data/gho/data/indicators/indicator-details/GHO/number-of-presumed-malaria-cases,2020,2020,2020,AFR,Africa,RWA,Rwanda,,,,0.0,0,,
MALARIA_RDT_POS,Number of malaria positive cases by rapid diagnostic test (RDT),https://www.who.int/data/gho/data/indicators/indicator-details/GHO/number-of-malaria-positive-cases-by-rapid-diagnostic-test-rdt,2017,2017,2017,AFR,Africa,RWA,Rwanda,,,,3012753.0,3 012 753,,
MALARIA_EST_INCIDENCE,Estimated malaria incidence (per 1000 population at risk),https://www.who.int/data/gho/data/indicators/indicator-details/GHO/malaria-incidence-%28per-1-000-population-at-risk%29,2003,2003,2003,AFR,Africa,RWA,Rwanda,,,,139.71893,139.72 [64.02-229.38],64.0239,229.3824
MALARIA_SUSPECTS,Number of suspected malaria cases,https://www.who.int/data/gho/data/indicators/indicator-details/GHO/number-of-suspected-malaria-cases,2015,2015,2015,AFR,Africa,RWA,Rwanda,,,,6093114.0,6 093 114,,
MALARIA_CONF_CASES,Number of confirmed malaria cases,https://www.who.int/data/gho/data/indicators/indicator-details/GHO/number-confirmed-malaria-cases,2021,2021,2021,AFR,Africa,RWA,Rwanda,,,,1163670.0,1 163 670,,
MALARIA_PF_INDIG,Number of indigenous P. falciparum malaria cases,https://www.who.int/data/gho/data/indicators/indicator-details/GHO/number-of-indigenous-p.-falciparum-malaria-cases,2015,2015,2015,AFR,Africa,RWA,Rwanda,,,,2505794.0,2 505 794,,
MALARIA_EST_MORTALITY,Estimated malaria mortality rate (per 100 000 population),https://www.who.int/data/gho/data/indicators/indicator-details/GHO/estimated-malaria-mortality-rate-per-100-000-population,2016,2016,2016,AFR,Africa,RWA,Rwanda,,,,25.61417,25.61 [24.57-26.89],24.57383,26.88943
MALARIA_MICR_TEST,Number of malaria suspects examined by microscopy,https://www.who.int/data/gho/data/indicators/indicator-details/GHO/number-of-malaria-suspects-examined-by-microscopy,2022,2022,2022,AFR,Africa,RWA,Rwanda,,,,3023720.0,3 023 720,,
MALARIA_RDT_POS,Number of malaria positive cases by rapid diagnostic test (RDT),https://www.who.int/data/gho/data/indicators/indicator-details/GHO/number-of-malaria-positive-cases-by-rapid-diagnostic-test-rdt,2019,2019,2019,AFR,Africa,RWA,Rwanda,,,,2468060.0,2 468 060,,
MALARIA_INDIG,Number of indigenous malaria cases,https://www.who.int/data/gho/data/indicators/indicator-details/GHO/number-of-indigenous-malaria-cases,2019,2019,2019,AFR,Africa,RWA,Rwanda,,,,3612822.0,3 612 822,,
MALARIA_TOTAL_CASES,Total number of  malaria cases (presumed + confirmed cases),https://www.who.int/data/gho/data/indicators/indicator-details/GHO/total-number-of-malaria-cases-presumed-confirmed-cases,2018,2018,2018,AFR,Africa,RWA,Rwanda,,,,4231883.0,4 231 883,,
MALARIA_EST_MORTALITY,Estimated malaria mortality rate (per 100 000 population),https://www.who.int/data/gho/data/indicators/indicator-details/GHO/estimated-malaria-mortality-rate-per-100-000-population,2004,2004,2004,AFR,Africa,RWA,Rwanda,,,,41.84037,41.84 [40.42-43.34],40.42263,43.33751
MALARIA_EST_MORTALITY,Estimated malaria mortality rate (per 100 000 population),https://www.who.int/data/gho/data/indicators/indicator-details/GHO/estimated-malaria-mortality-rate-per-100-000-population,2013,2013,2013,AFR,Africa,RWA,Rwanda,,,,26.62859,26.63 [25.77-27.63],25.77222,27.62919
MALARIA_EST_MORTALITY,Estimated malaria mortality rate (per 100 000 population),https://www.who.int/data/gho/data/indicators/indicator-details/GHO/estimated-malaria-mortality-rate-per-100-000-population,2011,2011,2011,AFR,Africa,RWA,Rwanda,,,,28.15467,28.15 [27.31-29.10],27.31297,29.10041
MALARIA_SUSPECTS,Number of suspected malaria cases,https://www.who.int/data/gho/data/indicators/indicator-details/GHO/number-of-suspected-malaria-cases,2022,2022,2022,AFR,Africa,RWA,Rwanda,,,,5117823.0,5 117 823,,
MALARIA_TOTAL_CASES,Total number of  malaria cases (presumed + confirmed cases),https://www.who.int/data/gho/data/indicators/indicator-details/GHO/total-number-of-malaria-cases-presumed-confirmed-cases,2017,2017,2017,AFR,Africa,RWA,Rwanda,,,,5940533.0,5 940 533,,
MALARIA_PRES_CASES,Number of presumed malaria cases,https://www.who.int/data/gho/data/indicators/indicator-details/GHO/number-of-presumed-malaria-cases,2016,2016,2016,AFR,Africa,RWA,Rwanda,,,,0.0,0,,
MALARIA_EST_INCIDENCE,Estimated malaria incidence (per 1000 population at risk),https://www.who.int/data/gho/data/indicators/indicator-details/GHO/malaria-incidence-%28per-1-000-population-at-risk%29,2017,2017,2017,AFR,Africa,RWA,Rwanda,,,,711.43831,711.44 [519.73-913.27],519.73262,913.27419
MALARIA_EST_INCIDENCE,Estimated malaria incidence (per 1000 population at risk),https://www.who.int/data/gho/data/indicators/indicator-details/GHO/malaria-incidence-%28per-1-000-population-at-risk%29,2023,2023,2023,AFR,Africa,RWA,Rwanda,,,,53.64374,53.64 [41.84-66.17],41.83979,66.17131
MALARIA_PF_INDIG,Number of indigenous P. falciparum malaria cases,https://www.who.int/data/gho/data/indicators/indicator-details/GHO/number-of-indigenous-p.-falciparum-malaria-cases,2022,2022,2022,AFR,Africa,RWA,Rwanda,,,,857228.0,857 228,,
MALARIA_EST_MORTALITY,Estimated malaria mortality rate (per 100 000 population),https://www.who.int/data/gho/data/indicators/indicator-details/GHO/estimated-malaria-mortality-rate-per-100-000-population,2022,2022,2022,AFR,Africa,RWA,Rwanda,,,,24.25458,24.25 [22.62-27.30],22.621,27.30197
MALARIA_CONF_CASES,Number of confirmed malaria cases,https://www.who.int/data/gho/data/indicators/indicator-details/GHO/number-confirmed-malaria-cases,2022,2022,2022,AFR,Africa,RWA,Rwanda,,,,857228.0,857 228,,
MALARIA_EST_MORTALITY,Estimated malaria mortality rate (per 100 000 population),https://www.who.int/data/gho/data/indicators/indicator-details/GHO/estimated-malaria-mortality-rate-per-100-000-population,2009,2009,2009,AFR,Africa,RWA,Rwanda,,,,29.51166,29.51 [28.71-30.37],28.70652,30.36649
MALARIA_RDT_POS,Number of malaria positive cases by rapid diagnostic test (RDT),https://www.who.int/data/gho/data/indicators/indicator-details/GHO/number-of-malaria-positive-cases-by-rapid-diagnostic-test-rdt,2021,2021,2021,AFR,Africa,RWA,Rwanda,,,,904509.0,904 509,,
MALARIA_EST_INCIDENCE,Estimated malaria incidence (per 1000 population at risk),https://www.who.int/data/gho/data/indicators/indicator-details/GHO/malaria-incidence-%28per-1-000-population-at-risk%29,2019,2019,2019,AFR,Africa,RWA,Rwanda,,,,385.34591,385.35 [299.19-473.74],299.19217,473.74431
MALARIA_CONF_CASES,Number of confirmed malaria cases,https://www.who.int/data/gho/data/indicators/indicator-details/GHO/number-confirmed-malaria-cases,2015,2015,2015,AFR,Africa,RWA,Rwanda,,,,2505794.0,2 505 794,,
MALARIA_EST_INCIDENCE,Estimated malaria incidence (per 1000 population at risk),https://www.who.int/data/gho/data/indicators/indicator-details/GHO/malaria-incidence-%28per-1-000-population-at-risk%29,2000,2000,2000,AFR,Africa,RWA,Rwanda,,,,183.30836,183.31 [80.01-363.70],80.01228,363.69737
